player_name,player_no,image_url
livingroom,0,livingroom.jpg
lock-pngrepo-com,1,lock-pngrepo-com.jpg
london,2,london.jpg
plant,3,plant.jpg
lotion (1),4,lotion (1).jpg
lotion,5,lotion.jpg
plant-botanical (1),6,plant-botanical (1).jpg
mailbox-pngrepo-com,7,mailbox-pngrepo-com.jpg
plant-botanical (2),8,plant-botanical (2).jpg
mai-tai-cocktail,9,mai-tai-cocktail.jpg
plant-botanical (3),10,plant-botanical (3).jpg
malibu,11,malibu.jpg
plant-botanical (4),12,plant-botanical (4).jpg
manhattan-cocktail,13,manhattan-cocktail.jpg
plant-botanical (5),14,plant-botanical (5).jpg
margarita-cocktail (1),15,margarita-cocktail (1).jpg
plant-botanical (6),16,plant-botanical (6).jpg
margarita-cocktail (2),17,margarita-cocktail (2).jpg
plant-botanical (7),18,plant-botanical (7).jpg
margarita-cocktail,19,margarita-cocktail.jpg
marketing,20,marketing.jpg
plant-botanical,21,plant-botanical.jpg
martini,22,martini.jpg
plant-garden (1),23,plant-garden (1).jpg
melon,24,melon.jpg
plant-garden (2),25,plant-garden (2).jpg
menu,26,menu.jpg
plant-garden (3),27,plant-garden (3).jpg
mexico,28,mexico.jpg
plant-garden,29,plant-garden.jpg
microphone,30,microphone.jpg
portfolio-bag,31,portfolio-bag.jpg
microphone-pngrepo-com,32,microphone-pngrepo-com.jpg
milk,33,milk.jpg
pot-pan,34,pot-pan.jpg
milkshake,35,milkshake.jpg
milk-tetra-brik-pngrepo-com,36,milk-tetra-brik-pngrepo-com.jpg
professor,37,professor.jpg
mill,38,mill.jpg
rain (1),39,rain (1).jpg
rain (2),40,rain (2).jpg
mobile-phone-pngrepo-com,41,mobile-phone-pngrepo-com.jpg
mojito,42,mojito.jpg
rain (3),43,rain (3).jpg
monkey-pngrepo-com,44,monkey-pngrepo-com.jpg
rain,45,rain.jpg
mortarboard-pngrepo-com,46,mortarboard-pngrepo-com.jpg
rain-storm,47,rain-storm.jpg
mosquito (1),48,mosquito (1).jpg
mosquito,49,mosquito.jpg
restaurant-spoon,50,restaurant-spoon.jpg
moth,51,moth.jpg
mountain (1),52,mountain (1).jpg
rose,53,rose.jpg
mountain (2),54,mountain (2).jpg
rose-flower,55,rose-flower.jpg
mountain,56,mountain.jpg
rubber-duck,57,rubber-duck.jpg
mountain-dawn,58,mountain-dawn.jpg
sailboat,59,sailboat.jpg
mountains-rural,60,mountains-rural.jpg
sailing-boat-boat,61,sailing-boat-boat.jpg
mouse-pngrepo-com,62,mouse-pngrepo-com.jpg
sand-bucket,63,sand-bucket.jpg
nail-polish,64,nail-polish.jpg
sand-castle-medieval,65,sand-castle-medieval.jpg
national-female,66,national-female.jpg
sand-castle-toy,67,sand-castle-toy.jpg
national-male,68,national-male.jpg
school-bus,69,school-bus.jpg
night,70,night.jpg
school-college,71,school-college.jpg
noodles-chinese,72,noodles-chinese.jpg
scissors-handcraft,73,scissors-handcraft.jpg
nun,74,nun.jpg
old-man,75,old-man.jpg
skyscraper,76,skyscraper.jpg
olive-oil,77,olive-oil.jpg
smartphone,78,smartphone.jpg
online-store-supermarket,79,online-store-supermarket.jpg
snowing-snow,80,snowing-snow.jpg
open-quran,81,open-quran.jpg
sprout,82,sprout.jpg
ophthalmology,83,ophthalmology.jpg
sprout-plant,84,sprout-plant.jpg
oscar,85,oscar.jpg
stool,86,stool.jpg
overalls-baby,87,overalls-baby.jpg
stopclock-time-and-date,88,stopclock-time-and-date.jpg
owl,89,owl.jpg
palm-tree-island,90,palm-tree-island.jpg
storm-rain,91,storm-rain.jpg
palm-tree-pngrepo-com,92,palm-tree-pngrepo-com.jpg
storm-thunder (1),93,storm-thunder (1).jpg
pancakes-dessert,94,pancakes-dessert.jpg
storm-thunder (2),95,storm-thunder (2).jpg
pancakes-dessert-pngrepo-com,96,pancakes-dessert-pngrepo-com.jpg
storm-thunder,97,storm-thunder.jpg
park (1),98,park (1).jpg
student (1),99,student (1).jpg
park,100,park.jpg
pelican-pngrepo-com,101,pelican-pngrepo-com.jpg
suitcase,102,suitcase.jpg
pencil-case-pngrepo-com,103,pencil-case-pngrepo-com.jpg
sun-cream-sun-protection,104,sun-cream-sun-protection.jpg
penguin-pngrepo-com,105,penguin-pngrepo-com.jpg
sunglasses,106,sunglasses.jpg
photo-camera,107,photo-camera.jpg
sunset,108,sunset.jpg
photo-camera-digital,109,photo-camera-digital.jpg
sun-umbrella-beach (1),110,sun-umbrella-beach (1).jpg
photo-film-photo,111,photo-film-photo.jpg
sun-umbrella-beach,112,sun-umbrella-beach.jpg
piano-top-view-pngrepo-com,113,piano-top-view-pngrepo-com.jpg
table (1),114,table (1).jpg
pie,115,pie.jpg
table,116,table.jpg
piece-of-cake-food,117,piece-of-cake-food.jpg
teacher,118,teacher.jpg
pina-colada-cocktail,119,pina-colada-cocktail.jpg
tea-coffee-cup,120,tea-coffee-cup.jpg
pink-rose-cocktail,121,pink-rose-cocktail.jpg
tractor (1),122,tractor (1).jpg
plant-pngrepo-com,123,plant-pngrepo-com.jpg
tractor (2),124,tractor (2).jpg
policeman,125,policeman.jpg
tractor (3),126,tractor (3).jpg
popcorn (1),127,popcorn (1).jpg
tractor (4),128,tractor (4).jpg
popcorn (2),129,popcorn (2).jpg
tractor (5),130,tractor (5).jpg
popcorn (3),131,popcorn (3).jpg
tractor,132,tractor.jpg
popcorn,133,popcorn.jpg
portfolio-pngrepo-com,134,portfolio-pngrepo-com.jpg
turkey-chicken,135,turkey-chicken.jpg
post-address,136,post-address.jpg
vest,137,vest.jpg
postbox,138,postbox.jpg
pot-dinner,139,pot-dinner.jpg
watering-can,140,watering-can.jpg
pot-dinner-pngrepo-com,141,pot-dinner-pngrepo-com.jpg
well,142,well.jpg
potions-beauty,143,potions-beauty.jpg
wheat-grain,144,wheat-grain.jpg
pot-pngrepo-com,145,pot-pngrepo-com.jpg
windmill-mill (1),146,windmill-mill (1).jpg
powder,147,powder.jpg
windmill-mill,148,windmill-mill.jpg
prawn-cocktail,149,prawn-cocktail.jpg
rabbit,150,rabbit.jpg
acorn,151,acorn.jpg
radio,152,radio.jpg
airplane-plane,153,airplane-plane.jpg
radiocassette-pngrepo-com,154,radiocassette-pngrepo-com.jpg
rain-forecast,155,rain-forecast.jpg
anchor,156,anchor.jpg
rain-jacket,157,rain-jacket.jpg
ramen-soup,158,ramen-soup.jpg
bank,159,bank.jpg
refrigerator-outline-pngrepo-com,160,refrigerator-outline-pngrepo-com.jpg
barn (1),161,barn (1).jpg
restaurant-store,162,restaurant-store.jpg
barn (2),163,barn (2).jpg
rhinoceros-animals-pngrepo-com,164,rhinoceros-animals-pngrepo-com.jpg
barn (3),165,barn (3).jpg
rice-cooker-pngrepo-com,166,rice-cooker-pngrepo-com.jpg
barn (4),167,barn (4).jpg
rocket,168,rocket.jpg
barn (5),169,barn (5).jpg
rocking-horse-pngrepo-com,170,rocking-horse-pngrepo-com.jpg
roller-skate-pngrepo-com,171,roller-skate-pngrepo-com.jpg
barn (6),172,barn (6).jpg
roller-skate-skate,173,roller-skate-skate.jpg
barn,174,barn.jpg
romantic-champagne,175,romantic-champagne.jpg
barn-farm (1),176,barn-farm (1).jpg
room-service-hotel,177,room-service-hotel.jpg
barn-farm (2),178,barn-farm (2).jpg
rum,179,rum.jpg
barn-farm,180,barn-farm.jpg
sailboat-pngrepo-com,181,sailboat-pngrepo-com.jpg
beach-volleyball,182,beach-volleyball.jpg
sailboat-sail,183,sailboat-sail.jpg
beet,184,beet.jpg
salad,185,salad.jpg
bell,186,bell.jpg
salt-and-pepper,187,salt-and-pepper.jpg
salt-and-pepper-condiment,188,salt-and-pepper-condiment.jpg
bench,189,bench.jpg
sandwich,190,sandwich.jpg
santa-claus-pngrepo-com,191,santa-claus-pngrepo-com.jpg
birdhouse,192,birdhouse.jpg
sauce,193,sauce.jpg
bungalow,194,bungalow.jpg
scales-scale,195,scales-scale.jpg
cactus (1),196,cactus (1).jpg
school-university,197,school-university.jpg
cactus,198,cactus.jpg
seamstress,199,seamstress.jpg
candle,200,candle.jpg
serum,201,serum.jpg
chair-furniture-and-household (1),202,chair-furniture-and-household (1).jpg
sex-on-the-beach-cocktail,203,sex-on-the-beach-cocktail.jpg
chair-furniture-and-household (2),204,chair-furniture-and-household (2).jpg
ship-pngrepo-com,205,ship-pngrepo-com.jpg
chair-furniture-and-household,206,chair-furniture-and-household.jpg
ships-boat,207,ships-boat.jpg
ship-yatch,208,ship-yatch.jpg
chicken-leg-chicken,209,chicken-leg-chicken.jpg
shopping-cart,210,shopping-cart.jpg
cider,211,cider.jpg
sleeping-bag,212,sleeping-bag.jpg
cloudy,213,cloudy.jpg
smoker,214,smoker.jpg
coconut,215,coconut.jpg
snacks-popcorn,216,snacks-popcorn.jpg
snail-pngrepo-com,217,snail-pngrepo-com.jpg
compass,218,compass.jpg
sneakers,219,sneakers.jpg
concrete-mixer-truck,220,concrete-mixer-truck.jpg
snowman-pngrepo-com,221,snowman-pngrepo-com.jpg
corn,222,corn.jpg
soap,223,soap.jpg
soccer-equipment,224,soccer-equipment.jpg
cupboard-furniture-and-household,225,cupboard-furniture-and-household.jpg
soccer-player,226,soccer-player.jpg
cupcake-dessert,227,cupcake-dessert.jpg
desk,228,desk.jpg
soda-drink,229,soda-drink.jpg
sofa,230,sofa.jpg
desk-chair-student,231,desk-chair-student.jpg
soldier (1),232,soldier (1).jpg
desk-table,233,desk-table.jpg
soldier,234,soldier.jpg
drink-soda,235,drink-soda.jpg
speaker-pngrepo-com,236,speaker-pngrepo-com.jpg
drink-soft-drink,237,drink-soft-drink.jpg
sport-jacket,238,sport-jacket.jpg
duck-bird,239,duck-bird.jpg
sprayer-pngrepo-com,240,sprayer-pngrepo-com.jpg
earth-globe-geography,241,earth-globe-geography.jpg
squirrel-animal-pngrepo-com,242,squirrel-animal-pngrepo-com.jpg
farmer (1),243,farmer (1).jpg
store,244,store.jpg
farmer,245,farmer.jpg
storehouse-supply,246,storehouse-supply.jpg
flash,247,flash.jpg
flask,248,flask.jpg
sugar-food-and-restaurant,249,sugar-food-and-restaurant.jpg
flower (1),250,flower (1).jpg
suitcase-travel,251,suitcase-travel.jpg
summer-blouse,252,summer-blouse.jpg
flower (2),253,flower (2).jpg
sun-protection-pngrepo-com,254,sun-protection-pngrepo-com.jpg
flower (3),255,flower (3).jpg
sunrise,256,sunrise.jpg
flower (4),257,flower (4).jpg
table-dinner,258,table-dinner.jpg
flower (5),259,flower (5).jpg
tea,260,tea.jpg
flower (6),261,flower (6).jpg
teapot (1),262,teapot (1).jpg
flower (7),263,flower (7).jpg
teapot,264,teapot.jpg
tea-pot,265,tea-pot.jpg
flower (8),266,flower (8).jpg
teapot-pngrepo-com,267,teapot-pngrepo-com.jpg
flower,268,flower.jpg
tea-pot-pngrepo-com,269,tea-pot-pngrepo-com.jpg
telephone-call-mic,270,telephone-call-mic.jpg
flowers-flower,271,flowers-flower.jpg
telephone-pngrepo-com (1),272,telephone-pngrepo-com (1).jpg
flowers-rose,273,flowers-rose.jpg
telephone-pngrepo-com,274,telephone-pngrepo-com.jpg
telescope,275,telescope.jpg
food-stand-stand,276,food-stand-stand.jpg
television-pngrepo-com,277,television-pngrepo-com.jpg
gift,278,gift.jpg
television-televisions,279,television-televisions.jpg
graduate-student (1),280,graduate-student (1).jpg
television-televisions-2,281,television-televisions-2.jpg
graduate-student,282,graduate-student.jpg
tent (1),283,tent (1).jpg
grapes-grape,284,grapes-grape.jpg
tent,285,tent.jpg
hanger,286,hanger.jpg
tequila-sunrise-cocktail,287,tequila-sunrise-cocktail.jpg
home-property,288,home-property.jpg
terrace,289,terrace.jpg
test-pngrepo-com,290,test-pngrepo-com.jpg
hotel-bell-bell,291,hotel-bell-bell.jpg
tissues,292,tissues.jpg
toaster-pngrepo-com,293,toaster-pngrepo-com.jpg
house-home (1),294,house-home (1).jpg
toothbrush-toothpaste-pngrepo-com,295,toothbrush-toothpaste-pngrepo-com.jpg
house-home,296,house-home.jpg
tower,297,tower.jpg
island,298,island.jpg
